{"dateTime": "2022-03-25 20:44:05.125621", "pc0_1": 4709, "pc0_3": 3469, "pc0_5": 3270, "pc1_0": 328, "pc2_5": 70, "pc5_0": 0, "pc10_0": 0, "pm0_1": 0.003934890031814575, "pm0_3": 0.08220025897026062, "pm0_5": 0.42373377084732056, "pm1_0": 0.6981241703033447, "pm2_5": 1.625149130821228, "pm5_0": 1.676722764968872, "pm10_0": 1.676722764968872}