{"dateTime": "2022-03-25 20:41:56.187942", "Temperature": 32.279998779296875, "Pressure": 992.9400024414062, "Humidity": 7.0}