{"dateTime": "2022-03-25 20:41:44.288402", "pc0_1": 14595, "pc0_3": 6787, "pc0_5": 1061, "pc1_0": 141, "pc2_5": 20, "pc5_0": 0, "pc10_0": 0, "pm0_1": 0.012195260263979435, "pm0_3": 0.16531214118003845, "pm0_5": 0.2762072682380676, "pm1_0": 0.394650399684906, "pm2_5": 0.6644569039344788, "pm5_0": 0.6644569039344788, "pm10_0": 0.6644569039344788}