{"dateTime": "2022-03-25 20:43:55.580935", "Temperature": 29.389999389648438, "Pressure": 992.2999877929688, "Humidity": 13.0}