{"dateTime": "2022-03-25 20:42:00.615526", "shuntVoltageBattery": 18.610000610351562, "busVoltageBattery": 3.7119998931884766, "currentBattery": 188.5, "powerBattery": 688.0, "shuntVoltageSolar": 33.560001373291016, "busVoltageSolar": 5.696000099182129, "currentSolar": 335.20001220703125, "powerSolar": 1914.0}