{"dateTime": "2022-03-25 20:43:43.696289", "pc0_1": 1597, "pc0_3": 1036, "pc0_5": 1547, "pc1_0": 132, "pc2_5": 48, "pc5_0": 0, "pc10_0": 0, "pm0_1": 0.001334390020929277, "pm0_3": 0.024707939475774765, "pm0_5": 0.18633510172367096, "pm1_0": 0.29678109288215637, "pm2_5": 0.9309355020523071, "pm5_0": 0.9309355020523071, "pm10_0": 0.9309355020523071}