{"dateTime": "2022-03-25 20:32:46.182532", "Temperature": 29.510000228881836, "Pressure": 992.6300048828125, "Humidity": 9.0}