{"dateTime": "2022-03-25 20:37:55.018354", "Temperature": 30.299999237060547, "Pressure": 993.7999877929688, "Humidity": 9.0}