{"dateTime": "2022-03-25 20:36:17.166713", "Latitude": 32.992436667, "Longitude": -96.757885, "Speed": 0.018520000000000002, "Altitude": 217.3, "Course": 224.49, "HDOP": 1.22, "Year": 2022, "Month": 3, "Day": 25, "Hour": 20, "Minute": 36, "Second": 14}