{"dateTime": "2022-03-25 20:36:00.046246", "shuntVoltageBattery": -13.520000457763672, "busVoltageBattery": 3.9760000705718994, "currentBattery": -138.39999389648438, "powerBattery": 550.0, "shuntVoltageSolar": 28.510000228881836, "busVoltageSolar": 5.888000011444092, "currentSolar": 276.1000061035156, "powerSolar": 1628.0}