{"dateTime": "2022-03-25 20:29:48.059899", "Temperature": 27.850000381469727, "Pressure": 992.6400146484375, "Humidity": 13.0}