{"dateTime": "2022-03-25 20:19:26.637076", "Latitude": 32.992443333, "Longitude": -96.757838333, "Speed": 0.05556, "Altitude": 244.3, "Course": 317.57, "HDOP": 1.37, "Year": 2022, "Month": 3, "Day": 25, "Hour": 20, "Minute": 19, "Second": 23}