{"dateTime": "2022-03-25 20:42:07.319438", "pc0_1": 34201, "pc0_3": 17027, "pc0_5": 3496, "pc1_0": 504, "pc2_5": 152, "pc5_0": 12, "pc10_0": 0, "pm0_1": 0.028577620163559914, "pm0_3": 0.4127175211906433, "pm0_5": 0.7778449058532715, "pm1_0": 1.1991826295852661, "pm2_5": 3.1966702938079834, "pm5_0": 4.46116304397583, "pm10_0": 4.46116304397583}