{"dateTime": "2022-03-25 20:42:45.445981", "Temperature": 29.670000076293945, "Pressure": 991.9400024414062, "Humidity": 13.0}