{"dateTime": "2022-03-25 20:42:57.527127", "shuntVoltageBattery": -20.899999618530273, "busVoltageBattery": 3.640000104904175, "currentBattery": -226.8000030517578, "powerBattery": 826.0, "shuntVoltageSolar": 32.40999984741211, "busVoltageSolar": 5.739999771118164, "currentSolar": 323.8999938964844, "powerSolar": 1858.0}