{"dateTime": "2022-03-25 20:36:42.686308", "Latitude": 32.992485, "Longitude": -96.757878333, "Speed": 0.20372, "Altitude": 223.1, "Course": 0.0, "HDOP": 1.16, "Year": 2022, "Month": 3, "Day": 25, "Hour": 20, "Minute": 36, "Second": 39}