{"dateTime": "2022-03-25 20:41:25.709168", "Temperature": 31.530000686645508, "Pressure": 992.8200073242188, "Humidity": 12.0}