{"dateTime": "2022-03-25 20:41:54.887404", "Latitude": 32.992448333, "Longitude": -96.757778333, "Speed": 0.037040000000000003, "Altitude": 216.0, "Course": 76.6, "HDOP": 0.81, "Year": 2022, "Month": 3, "Day": 25, "Hour": 20, "Minute": 41, "Second": 52}