{"dateTime": "2022-03-25 20:41:37.789984", "shuntVoltageBattery": -21.579999923706055, "busVoltageBattery": 3.628000020980835, "currentBattery": -227.1999969482422, "powerBattery": 826.0, "shuntVoltageSolar": 32.939998626708984, "busVoltageSolar": 5.624000072479248, "currentSolar": 329.29998779296875, "powerSolar": 1854.0}