{"dateTime": "2022-03-25 20:41:13.813716", "pc0_1": 29334, "pc0_3": 14687, "pc0_5": 1629, "pc1_0": 104, "pc2_5": 20, "pc5_0": 0, "pc10_0": 0, "pm0_1": 0.02451053075492382, "pm0_3": 0.3558554947376251, "pm0_5": 0.5260763764381409, "pm1_0": 0.6136246919631958, "pm2_5": 0.8769665360450745, "pm5_0": 0.8769665360450745, "pm10_0": 0.8769665360450745}