{"dateTime": "2022-03-25 20:40:07.234274", "Latitude": 32.992488333, "Longitude": -96.757751667, "Speed": 0.35188, "Altitude": 225.7, "Course": 190.22, "HDOP": 0.86, "Year": 2022, "Month": 3, "Day": 25, "Hour": 20, "Minute": 40, "Second": 4}