{"dateTime": "2022-03-25 20:41:33.193072", "pc0_1": 44047, "pc0_3": 21819, "pc0_5": 3804, "pc1_0": 229, "pc2_5": 65, "pc5_0": 5, "pc10_0": 0, "pm0_1": 0.03680447116494179, "pm0_3": 0.529049277305603, "pm0_5": 0.9264341592788696, "pm1_0": 1.1180557012557983, "pm2_5": 1.9712915420532227, "pm5_0": 2.542672872543335, "pm10_0": 2.542672872543335}