{"dateTime": "2022-03-25 20:44:02.302109", "Temperature": 29.969999313354492, "Pressure": 993.6099853515625, "Humidity": 11.0}