{"dateTime": "2022-03-25 20:44:31.492302", "Latitude": 32.992413333, "Longitude": -96.757848333, "Speed": 0.0, "Altitude": 224.4, "Course": 150.24, "HDOP": 0.9, "Year": 2022, "Month": 3, "Day": 25, "Hour": 20, "Minute": 44, "Second": 28}