{"dateTime": "2022-03-25 20:44:14.384937", "shuntVoltageBattery": -11.979999542236328, "busVoltageBattery": 3.700000047683716, "currentBattery": -111.19999694824219, "powerBattery": 420.0, "shuntVoltageSolar": 32.09000015258789, "busVoltageSolar": 5.872000217437744, "currentSolar": 320.70001220703125, "powerSolar": 1884.0}