{"dateTime": "2022-03-25 20:43:50.411858", "pc0_1": 44442, "pc0_3": 21791, "pc0_5": 1860, "pc1_0": 144, "pc2_5": 24, "pc5_0": 0, "pc10_0": 0, "pm0_1": 0.037134330719709396, "pm0_3": 0.5287553668022156, "pm0_5": 0.7230937480926514, "pm1_0": 0.8441036939620972, "pm2_5": 1.1600251197814941, "pm5_0": 1.1600251197814941, "pm10_0": 1.1600251197814941}