{"dateTime": "2022-03-25 20:43:19.254636", "Temperature": -141.55999755859375, "Pressure": 509.17999267578125, "Humidity": 16.0}