{"dateTime": "2022-03-25 20:43:48.438818", "Latitude": 32.992511667, "Longitude": -96.757873333, "Speed": 0.29632000000000003, "Altitude": 245.8, "Course": 354.7, "HDOP": 1.15, "Year": 2022, "Month": 3, "Day": 25, "Hour": 20, "Minute": 43, "Second": 45}