{"dateTime": "2022-03-25 20:43:31.344538", "shuntVoltageBattery": -17.059999465942383, "busVoltageBattery": 3.619999885559082, "currentBattery": -155.60000610351562, "powerBattery": 564.0, "shuntVoltageSolar": 31.200000762939453, "busVoltageSolar": 5.840000152587891, "currentSolar": 312.5, "powerSolar": 1826.0}