{"dateTime": "2022-03-25 20:39:27.721415", "pc0_1": 20272, "pc0_3": 11041, "pc0_5": 1614, "pc1_0": 262, "pc2_5": 92, "pc5_0": 3, "pc10_0": 0, "pm0_1": 0.01693853922188282, "pm0_3": 0.26602903008461, "pm0_5": 0.434675008058548, "pm1_0": 0.6539744138717651, "pm2_5": 1.860026240348816, "pm5_0": 2.261861801147461, "pm10_0": 2.261861801147461}