{"dateTime": "2022-03-25 20:38:24.373098", "Temperature": 32.5099983215332, "Pressure": 992.72998046875, "Humidity": 9.0}