{"dateTime": "2022-03-25 20:38:36.452237", "shuntVoltageBattery": -17.6200008392334, "busVoltageBattery": 3.6519999504089355, "currentBattery": -178.89999389648438, "powerBattery": 636.0, "shuntVoltageSolar": 34.959999084472656, "busVoltageSolar": 4.835999965667725, "currentSolar": 349.3999938964844, "powerSolar": 1690.0}