{"dateTime": "2022-03-25 20:38:12.478605", "pc0_1": 21596, "pc0_3": 9924, "pc0_5": 1075, "pc1_0": 79, "pc2_5": 17, "pc5_0": 13, "pc10_0": 0, "pm0_1": 0.018045220524072647, "pm0_3": 0.2419520616531372, "pm0_5": 0.3543187081813812, "pm1_0": 0.42088696360588074, "pm2_5": 0.6496459245681763, "pm5_0": 2.102163314819336, "pm10_0": 2.102163314819336}