{"dateTime": "2022-03-25 20:40:24.247423", "shuntVoltageBattery": -20.149999618530273, "busVoltageBattery": 3.680000066757202, "currentBattery": -202.39999389648438, "powerBattery": 748.0, "shuntVoltageSolar": 32.900001525878906, "busVoltageSolar": 5.564000129699707, "currentSolar": 329.5, "powerSolar": 1832.0}