{"dateTime": "2022-03-25 20:40:33.167344", "shuntVoltageBattery": -14.800000190734863, "busVoltageBattery": 3.74399995803833, "currentBattery": -140.8000030517578, "powerBattery": 528.0, "shuntVoltageSolar": 32.95000076293945, "busVoltageSolar": 5.760000228881836, "currentSolar": 329.5, "powerSolar": 1900.0}