{"dateTime": "2022-03-25 20:42:16.241212", "pc0_1": 19001, "pc0_3": 6581, "pc0_5": 1600, "pc1_0": 230, "pc2_5": 43, "pc5_0": 2, "pc10_0": 0, "pm0_1": 0.015877239406108856, "pm0_3": 0.16436131298542023, "pm0_5": 0.33152464032173157, "pm1_0": 0.5238839387893677, "pm2_5": 1.0884023904800415, "pm5_0": 1.3280004262924194, "pm10_0": 1.3280004262924194}