{"dateTime": "2022-03-25 20:41:26.753082", "Temperature": 30.520000457763672, "Pressure": 991.9400024414062, "Humidity": 11.0}