{"dateTime": "2022-03-25 20:39:48.878251", "Latitude": 32.992311667, "Longitude": -96.757661667, "Speed": 0.7408, "Altitude": 213.7, "Course": 127.02, "HDOP": 1.43, "Year": 2022, "Month": 3, "Day": 25, "Hour": 20, "Minute": 39, "Second": 46}