{"dateTime": "2022-03-25 20:44:05.290344", "cloudPecentage": "99.77766927083334", "allRed": 127.96920572916666, "allGreen": 129.31722330729167, "allBlue": 144.56096354166667, "skyRed": 67.86383601756954, "skyGreen": 78.33235724743777, "skyBlue": 113.46266471449488, "cloudRed": 128.1031362045172, "cloudGreen": 129.4308309163929, "cloudBlue": 144.6302586805952}