{"dateTime": "2022-03-25 20:42:45.198282", "Temperature": 30.0, "Pressure": 992.2899780273438, "Humidity": 11.0}