{"dateTime": "2022-03-25 20:43:14.375725", "Latitude": 32.99246, "Longitude": -96.757828333, "Speed": 0.20372, "Altitude": 229.6, "Course": 0.0, "HDOP": 0.95, "Year": 2022, "Month": 3, "Day": 25, "Hour": 20, "Minute": 43, "Second": 11}