{"dateTime": "2022-03-25 20:33:55.771791", "Latitude": 32.992425, "Longitude": -96.757831667, "Speed": 0.22224, "Altitude": 241.5, "Course": 123.45, "HDOP": 1.02, "Year": 2022, "Month": 3, "Day": 25, "Hour": 20, "Minute": 33, "Second": 53}