{"dateTime": "2022-03-25 20:43:44.674074", "Temperature": 30.040000915527344, "Pressure": 992.8800048828125, "Humidity": 12.0}