{"dateTime": "2022-03-25 20:44:13.850065", "Latitude": 32.992448333, "Longitude": -96.757843333, "Speed": 0.3704, "Altitude": 232.2, "Course": 235.58, "HDOP": 1.31, "Year": 2022, "Month": 3, "Day": 25, "Hour": 20, "Minute": 44, "Second": 11}