{"dateTime": "2022-03-25 20:43:56.745420", "shuntVoltageBattery": 19.559999465942383, "busVoltageBattery": 3.859999895095825, "currentBattery": 194.10000610351562, "powerBattery": 750.0, "shuntVoltageSolar": 1.0800000429153442, "busVoltageSolar": 5.97599983215332, "currentSolar": 10.5, "powerSolar": 62.0}