{"dateTime": "2022-03-25 20:43:32.784298", "pc0_1": 20685, "pc0_3": 10745, "pc0_5": 2266, "pc1_0": 97, "pc2_5": 33, "pc5_0": 0, "pc10_0": 0, "pm0_1": 0.01728362962603569, "pm0_3": 0.2596954107284546, "pm0_5": 0.4963567554950714, "pm1_0": 0.5777678489685059, "pm2_5": 1.0149905681610107, "pm5_0": 1.0149905681610107, "pm10_0": 1.0149905681610107}