{"dateTime": "2022-03-25 20:42:28.133147", "Temperature": 32.91999816894531, "Pressure": 993.1599731445312, "Humidity": 8.0}