{"dateTime": "2022-03-25 20:40:50.278408", "Latitude": 32.992351667, "Longitude": -96.757891667, "Speed": 1.0556400000000001, "Altitude": 238.8, "Course": 279.93, "HDOP": 1.7, "Year": 2022, "Month": 3, "Day": 25, "Hour": 20, "Minute": 40, "Second": 47}