{"dateTime": "2022-03-25 20:42:23.305185", "Latitude": 32.992445000000004, "Longitude": -96.75789, "Speed": 0.07408000000000001, "Altitude": 235.9, "Course": 0.0, "HDOP": 0.9, "Year": 2022, "Month": 3, "Day": 25, "Hour": 20, "Minute": 42, "Second": 20}