{"dateTime": "2022-03-25 20:43:49.276959", "pc0_1": 14013, "pc0_3": 8413, "pc0_5": 664, "pc1_0": 70, "pc2_5": 10, "pc5_0": 3, "pc10_0": 0, "pm0_1": 0.011708890087902546, "pm0_3": 0.20151059329509735, "pm0_5": 0.27091264724731445, "pm1_0": 0.3301045596599579, "pm2_5": 0.46800512075424194, "pm5_0": 0.818162739276886, "pm10_0": 0.818162739276886}