{"dateTime": "2022-03-25 20:39:39.613630", "Temperature": 30.139999389648438, "Pressure": 993.1599731445312, "Humidity": 10.0}