{"dateTime": "2022-03-25 20:38:01.754241", "Latitude": 32.992368333, "Longitude": -96.757921667, "Speed": 0.037040000000000003, "Altitude": 240.5, "Course": 245.96, "HDOP": 1.16, "Year": 2022, "Month": 3, "Day": 25, "Hour": 20, "Minute": 37, "Second": 59}