{"dateTime": "2022-03-25 20:37:44.654243", "shuntVoltageBattery": -7.340000152587891, "busVoltageBattery": 3.9679999351501465, "currentBattery": -72.9000015258789, "powerBattery": 288.0, "shuntVoltageSolar": 22.760000228881836, "busVoltageSolar": 5.9039998054504395, "currentSolar": 217.10000610351562, "powerSolar": 1282.0}