{"dateTime": "2022-03-25 20:38:27.934291", "shuntVoltageBattery": -14.779999732971191, "busVoltageBattery": 3.803999900817871, "currentBattery": -141.60000610351562, "powerBattery": 538.0, "shuntVoltageSolar": 32.310001373291016, "busVoltageSolar": 5.748000144958496, "currentSolar": 323.1000061035156, "powerSolar": 1858.0}