{"dateTime": "2022-03-25 20:40:11.014816", "pc0_1": 39460, "pc0_3": 15300, "pc0_5": 1163, "pc1_0": 185, "pc2_5": 50, "pc5_0": 53, "pc10_0": 0, "pm0_1": 0.03297169879078865, "pm0_3": 0.37814417481422424, "pm0_5": 0.49966147541999817, "pm1_0": 0.6549293994903564, "pm2_5": 1.3098361492156982, "pm5_0": 6.895340919494629, "pm10_0": 6.895340919494629}