{"dateTime": "2022-03-25 20:41:44.496383", "Latitude": 32.992416667, "Longitude": -96.757815, "Speed": 0.018520000000000002, "Altitude": 219.2, "Course": 316.95, "HDOP": 0.85, "Year": 2022, "Month": 3, "Day": 25, "Hour": 20, "Minute": 41, "Second": 41}