{"dateTime": "2022-03-25 20:44:50.267764", "Latitude": 32.992405, "Longitude": -96.757913333, "Speed": 0.48152, "Altitude": 240.5, "Course": 311.76, "HDOP": 1.11, "Year": 2022, "Month": 3, "Day": 25, "Hour": 20, "Minute": 44, "Second": 47}