{"dateTime": "2022-03-25 20:44:33.173002", "shuntVoltageBattery": 18.139999389648438, "busVoltageBattery": 3.8919999599456787, "currentBattery": 185.39999389648438, "powerBattery": 720.0, "shuntVoltageSolar": -32.79999923706055, "busVoltageSolar": 5.728000164031982, "currentSolar": -328.70001220703125, "powerSolar": 1880.0}