{"dateTime": "2022-03-25 19:25:23.023182", "Latitude": 32.992518333, "Longitude": -96.757866667, "Speed": 0.3704, "Altitude": 225.7, "Course": 201.57, "HDOP": 1.58, "Year": 2022, "Month": 3, "Day": 25, "Hour": 19, "Minute": 25, "Second": 20}