{"dateTime": "2022-03-25 20:36:12.452468", "pc0_1": 13604, "pc0_3": 7511, "pc0_5": 1837, "pc1_0": 277, "pc2_5": 134, "pc5_0": 9, "pc10_0": 0, "pm0_1": 0.011367159895598888, "pm0_3": 0.180830717086792, "pm0_5": 0.37272384762763977, "pm1_0": 0.6045048832893372, "pm2_5": 2.3667821884155273, "pm5_0": 3.380610466003418, "pm10_0": 3.380610466003418}