{"dateTime": "2022-03-25 20:37:59.154520", "shuntVoltageBattery": -21.200000762939453, "busVoltageBattery": 3.740000009536743, "currentBattery": -210.3000030517578, "powerBattery": 786.0, "shuntVoltageSolar": 32.65999984741211, "busVoltageSolar": 5.73199987411499, "currentSolar": 326.3999938964844, "powerSolar": 1872.0}