{"dateTime": "2022-03-25 20:39:42.214916", "pc0_1": 27426, "pc0_3": 13285, "pc0_5": 1508, "pc1_0": 189, "pc2_5": 45, "pc5_0": 1, "pc10_0": 0, "pm0_1": 0.022916529327630997, "pm0_3": 0.3226436674594879, "pm0_5": 0.4802137613296509, "pm1_0": 0.6384621858596802, "pm2_5": 1.227415919303894, "pm5_0": 1.367416262626648, "pm10_0": 1.367416262626648}