{"dateTime": "2022-03-25 20:44:01.166212", "Temperature": 29.31999969482422, "Pressure": 992.8200073242188, "Humidity": 12.0}