{"dateTime": "2022-03-25 20:42:06.198205", "shuntVoltageBattery": 16.229999542236328, "busVoltageBattery": 3.8440001010894775, "currentBattery": 166.6999969482422, "powerBattery": 638.0, "shuntVoltageSolar": 2.859999895095825, "busVoltageSolar": 6.059999942779541, "currentSolar": 29.399999618530273, "powerSolar": 176.0}