{"dateTime": "2022-03-25 20:42:19.226896", "Temperature": 32.029998779296875, "Pressure": 992.5700073242188, "Humidity": 12.0}