{"dateTime": "2022-03-25 20:40:41.376635", "Latitude": 32.992366667, "Longitude": -96.757843333, "Speed": 0.31484, "Altitude": 238.5, "Course": 222.08, "HDOP": 1.61, "Year": 2022, "Month": 3, "Day": 25, "Hour": 20, "Minute": 40, "Second": 38}