{"dateTime": "2022-03-25 20:40:22.918389", "Temperature": 30.850000381469727, "Pressure": 992.6699829101562, "Humidity": 8.0}