{"dateTime": "2022-03-25 20:38:45.044312", "Latitude": 32.992448333, "Longitude": -96.757876667, "Speed": 0.12964, "Altitude": 231.6, "Course": 0.0, "HDOP": 0.83, "Year": 2022, "Month": 3, "Day": 25, "Hour": 20, "Minute": 38, "Second": 42}