{"dateTime": "2022-03-25 20:36:25.594548", "shuntVoltageBattery": -15.869999885559082, "busVoltageBattery": 3.9200000762939453, "currentBattery": -152.8000030517578, "powerBattery": 622.0, "shuntVoltageSolar": 30.450000762939453, "busVoltageSolar": 5.728000164031982, "currentSolar": 303.8999938964844, "powerSolar": 1744.0}