{"dateTime": "2022-03-25 20:38:08.652091", "pc0_1": 4514, "pc0_3": 2210, "pc0_5": 960, "pc1_0": 98, "pc2_5": 46, "pc5_0": 0, "pc10_0": 0, "pm0_1": 0.0037717700470238924, "pm0_3": 0.053649939596652985, "pm0_5": 0.15400026738643646, "pm1_0": 0.23629623651504517, "pm2_5": 0.8381662964820862, "pm5_0": 0.8381662964820862, "pm10_0": 0.8381662964820862}