{"dateTime": "2022-03-25 20:41:22.215856", "Temperature": 31.510000228881836, "Pressure": 991.5499877929688, "Humidity": 10.0}