{"dateTime": "2022-03-25 20:39:44.344898", "Latitude": 32.992403333, "Longitude": -96.757965, "Speed": 0.31484, "Altitude": 239.2, "Course": 264.79, "HDOP": 0.93, "Year": 2022, "Month": 3, "Day": 25, "Hour": 20, "Minute": 39, "Second": 41}