{"dateTime": "2022-03-25 20:41:10.319518", "pc0_1": 24482, "pc0_3": 10875, "pc0_5": 1705, "pc1_0": 172, "pc2_5": 18, "pc5_0": 0, "pc10_0": 0, "pm0_1": 0.02045690082013607, "pm0_3": 0.2658076882362366, "pm0_5": 0.44397303462028503, "pm1_0": 0.5885006785392761, "pm2_5": 0.8347861766815186, "pm5_0": 0.8347861766815186, "pm10_0": 0.8347861766815186}