{"dateTime": "2022-03-25 20:44:04.839560", "cloudPecentage": "98.23860677083334", "allRed": 168.79205729166668, "allGreen": 129.327509765625, "allBlue": 133.211015625, "skyRed": 165.12770282757347, "skyGreen": 182.8621326926631, "skyBlue": 238.071890593236, "cloudRed": 168.85775823505827, "cloudGreen": 128.36764759484277, "cloudBlue": 131.33088681164654}