{"dateTime": "2022-03-25 20:40:43.871130", "Temperature": 32.189998626708984, "Pressure": 993.0399780273438, "Humidity": 10.0}