{"dateTime": "2022-03-25 20:39:05.997495", "Latitude": 32.992405, "Longitude": -96.757841667, "Speed": 0.05556, "Altitude": 233.6, "Course": 238.58, "HDOP": 0.95, "Year": 2022, "Month": 3, "Day": 25, "Hour": 20, "Minute": 39, "Second": 3}