{"dateTime": "2022-03-25 20:38:48.901097", "shuntVoltageBattery": -10.630000114440918, "busVoltageBattery": 3.992000102996826, "currentBattery": -106.5, "powerBattery": 426.0, "shuntVoltageSolar": 24.020000457763672, "busVoltageSolar": 5.880000114440918, "currentSolar": 259.3999938964844, "powerSolar": 1416.0}