{"dateTime": "2022-03-25 20:40:31.961694", "pc0_1": 1322, "pc0_3": 696, "pc0_5": 665, "pc1_0": 37, "pc2_5": 6, "pc5_0": 0, "pc10_0": 0, "pm0_1": 0.0011052900226786733, "pm0_3": 0.016813000664114952, "pm0_5": 0.08626674115657806, "pm1_0": 0.11736711114645004, "pm2_5": 0.20130372047424316, "pm5_0": 0.20130372047424316, "pm10_0": 0.20130372047424316}