{"dateTime": "2022-03-25 20:38:26.955301", "Temperature": 29.190000534057617, "Pressure": 992.27001953125, "Humidity": 11.0}