{"dateTime": "2022-03-25 20:36:49.083071", "Latitude": 32.992488333, "Longitude": -96.757783333, "Speed": 0.037040000000000003, "Altitude": 218.9, "Course": 38.57, "HDOP": 1.13, "Year": 2022, "Month": 3, "Day": 25, "Hour": 20, "Minute": 36, "Second": 46}