{"dateTime": "2022-03-25 20:36:31.982958", "shuntVoltageBattery": 17.290000915527344, "busVoltageBattery": 3.8480000495910645, "currentBattery": 185.5, "powerBattery": 714.0, "shuntVoltageSolar": 1.2100000381469727, "busVoltageSolar": 6.01200008392334, "currentSolar": 11.899999618530273, "powerSolar": 72.0}