{"dateTime": "2022-03-25 20:38:15.053768", "pc0_1": 18283, "pc0_3": 9109, "pc0_5": 1196, "pc1_0": 112, "pc2_5": 27, "pc5_0": 0, "pc10_0": 0, "pm0_1": 0.015276559628546238, "pm0_3": 0.22079238295555115, "pm0_5": 0.3457213342189789, "pm1_0": 0.4396432936191559, "pm2_5": 0.801692545413971, "pm5_0": 0.801692545413971, "pm10_0": 0.801692545413971}