{"dateTime": "2022-03-25 20:36:24.355235", "Temperature": 31.6299991607666, "Pressure": 993.0800170898438, "Humidity": 15.0}