{"dateTime": "2022-03-25 20:34:46.497184", "Latitude": 32.992435, "Longitude": -96.757923333, "Speed": 0.7408, "Altitude": 231.7, "Course": 240.0, "HDOP": 1.41, "Year": 2022, "Month": 3, "Day": 25, "Hour": 20, "Minute": 34, "Second": 43}