{"dateTime": "2022-03-25 20:34:29.383418", "shuntVoltageBattery": 19.0, "busVoltageBattery": 3.808000087738037, "currentBattery": 193.89999389648438, "powerBattery": 738.0, "shuntVoltageSolar": 1.0499999523162842, "busVoltageSolar": 5.992000102996826, "currentSolar": 10.199999809265137, "powerSolar": 62.0}