{"dateTime": "2022-03-25 20:41:45.101396", "Temperature": 29.729999542236328, "Pressure": 992.8200073242188, "Humidity": 17.0}