{"dateTime": "2022-03-25 20:39:50.126894", "shuntVoltageBattery": -10.430000305175781, "busVoltageBattery": 4.0, "currentBattery": -105.0, "powerBattery": 420.0, "shuntVoltageSolar": -26.549999237060547, "busVoltageSolar": 5.564000129699707, "currentSolar": -272.1000061035156, "powerSolar": 1504.0}