{"dateTime": "2022-03-25 20:39:31.782838", "shuntVoltageBattery": -14.720000267028809, "busVoltageBattery": 3.680000066757202, "currentBattery": -146.1999969482422, "powerBattery": 518.0, "shuntVoltageSolar": 32.90999984741211, "busVoltageSolar": 5.71999979019165, "currentSolar": 329.1000061035156, "powerSolar": 1880.0}