{"dateTime": "2022-03-25 20:41:14.858743", "pc0_1": 39275, "pc0_3": 21044, "pc0_5": 3100, "pc1_0": 469, "pc2_5": 94, "pc5_0": 0, "pc10_0": 0, "pm0_1": 0.03281717002391815, "pm0_3": 0.507571280002594, "pm0_5": 0.8313716053962708, "pm1_0": 1.2235265970230103, "pm2_5": 2.455411195755005, "pm5_0": 2.473785638809204, "pm10_0": 2.473785638809204}