{"dateTime": "2022-03-25 20:40:18.311668", "Latitude": 32.992421667, "Longitude": -96.757825, "Speed": 0.018520000000000002, "Altitude": 231.3, "Course": 0.0, "HDOP": 0.81, "Year": 2022, "Month": 3, "Day": 25, "Hour": 20, "Minute": 40, "Second": 15}