{"dateTime": "2022-03-25 20:40:01.219282", "shuntVoltageBattery": -21.09000015258789, "busVoltageBattery": 3.8440001010894775, "currentBattery": -208.89999389648438, "powerBattery": 802.0, "shuntVoltageSolar": 33.5099983215332, "busVoltageSolar": 5.703999996185303, "currentSolar": 335.0, "powerSolar": 1910.0}