{"dateTime": "2022-03-25 20:38:39.806602", "Temperature": 30.950000762939453, "Pressure": 992.780029296875, "Humidity": 9.0}