{"dateTime": "2022-03-25 20:39:08.978706", "Latitude": 32.992411667, "Longitude": -96.757841667, "Speed": 0.037040000000000003, "Altitude": 239.2, "Course": 49.0, "HDOP": 1.02, "Year": 2022, "Month": 3, "Day": 25, "Hour": 20, "Minute": 39, "Second": 6}