{"dateTime": "2022-03-25 20:38:51.875976", "shuntVoltageBattery": -8.420000076293945, "busVoltageBattery": 3.9800000190734863, "currentBattery": -85.19999694824219, "powerBattery": 338.0, "shuntVoltageSolar": 24.3700008392334, "busVoltageSolar": 5.815999984741211, "currentSolar": 231.6999969482422, "powerSolar": 1344.0}