{"dateTime": "2022-03-25 20:39:52.508008", "Latitude": 32.9924, "Longitude": -96.757798333, "Speed": 0.037040000000000003, "Altitude": 244.0, "Course": 113.69, "HDOP": 0.95, "Year": 2022, "Month": 3, "Day": 25, "Hour": 20, "Minute": 39, "Second": 49}