{"dateTime": "2022-03-25 20:41:18.483382", "pc0_1": 9446, "pc0_3": 4498, "pc0_5": 1347, "pc1_0": 116, "pc2_5": 11, "pc5_0": 0, "pc10_0": 0, "pm0_1": 0.007893290370702744, "pm0_3": 0.10937847197055817, "pm0_5": 0.25007471442222595, "pm1_0": 0.34783270955085754, "pm2_5": 0.5009481310844421, "pm5_0": 0.5009481310844421, "pm10_0": 0.5009481310844421}