{"dateTime": "2022-03-25 20:35:33.628683", "Temperature": 30.09000015258789, "Pressure": 992.5999755859375, "Humidity": 12.0}