{"dateTime": "2022-03-25 20:33:38.658537", "shuntVoltageBattery": -17.530000686645508, "busVoltageBattery": 3.944000005722046, "currentBattery": -175.6999969482422, "powerBattery": 694.0, "shuntVoltageSolar": 31.450000762939453, "busVoltageSolar": 5.8480000495910645, "currentSolar": 314.5, "powerSolar": 1838.0}