{"dateTime": "2022-03-25 20:35:21.720579", "pc0_1": 16752, "pc0_3": 8580, "pc0_5": 1702, "pc1_0": 355, "pc2_5": 183, "pc5_0": 5, "pc10_0": 0, "pm0_1": 0.013997339643537998, "pm0_3": 0.20757779479026794, "pm0_5": 0.38542231917381287, "pm1_0": 0.6826510429382324, "pm2_5": 3.080937385559082, "pm5_0": 3.6118111610412598, "pm10_0": 3.6118111610412598}