{"dateTime": "2022-03-25 20:42:14.167682", "Temperature": 31.270000457763672, "Pressure": 992.0399780273438, "Humidity": 10.0}