{"dateTime": "2022-03-25 20:40:36.292313", "Latitude": 32.992441667, "Longitude": -96.75793, "Speed": 0.018520000000000002, "Altitude": 227.9, "Course": 115.29, "HDOP": 1.53, "Year": 2022, "Month": 3, "Day": 25, "Hour": 20, "Minute": 40, "Second": 33}