{"dateTime": "2022-03-25 20:40:19.193188", "shuntVoltageBattery": 17.760000228881836, "busVoltageBattery": 3.7920000553131104, "currentBattery": 180.5, "powerBattery": 684.0, "shuntVoltageSolar": 2.369999885559082, "busVoltageSolar": 6.052000045776367, "currentSolar": 24.100000381469727, "powerSolar": 148.0}