{"dateTime": "2022-03-25 20:42:02.263042", "pc0_1": 27253, "pc0_3": 12875, "pc0_5": 1508, "pc1_0": 135, "pc2_5": 35, "pc5_0": 7, "pc10_0": 0, "pm0_1": 0.022772150114178658, "pm0_3": 0.3132336735725403, "pm0_5": 0.47077056765556335, "pm1_0": 0.5841969847679138, "pm2_5": 1.0440133810043335, "pm5_0": 1.788698673248291, "pm10_0": 1.788698673248291}