{"dateTime": "2022-03-25 20:40:27.168430", "pc0_1": 25950, "pc0_3": 12164, "pc0_5": 1480, "pc1_0": 100, "pc2_5": 25, "pc5_0": 0, "pc10_0": 0, "pm0_1": 0.02168332040309906, "pm0_3": 0.29612162709236145, "pm0_5": 0.45074108242988586, "pm1_0": 0.5346897840499878, "pm2_5": 0.8676806688308716, "pm5_0": 0.9561074376106262, "pm10_0": 0.9561074376106262}