{"dateTime": "2022-03-25 20:39:54.128375", "Temperature": 29.520000457763672, "Pressure": 993.510009765625, "Humidity": 13.0}