{"dateTime": "2022-03-25 20:38:16.245016", "Latitude": 32.992438333, "Longitude": -96.757958333, "Speed": 0.0926, "Altitude": 238.1, "Course": 231.61, "HDOP": 1.57, "Year": 2022, "Month": 3, "Day": 25, "Hour": 20, "Minute": 38, "Second": 13}