{"dateTime": "2022-03-25 20:40:14.671383", "Temperature": 31.520000457763672, "Pressure": 992.6400146484375, "Humidity": 12.0}