{"dateTime": "2022-03-25 20:38:36.786742", "Latitude": 32.992403333, "Longitude": -96.757866667, "Speed": 0.018520000000000002, "Altitude": 229.0, "Course": 260.83, "HDOP": 0.97, "Year": 2022, "Month": 3, "Day": 25, "Hour": 20, "Minute": 38, "Second": 34}