{"dateTime": "2022-03-25 20:38:19.686482", "shuntVoltageBattery": -17.219999313354492, "busVoltageBattery": 3.6480000019073486, "currentBattery": -156.10000610351562, "powerBattery": 570.0, "shuntVoltageSolar": 32.130001068115234, "busVoltageSolar": 5.771999835968018, "currentSolar": 321.79998779296875, "powerSolar": 1858.0}