{"dateTime": "2022-03-25 20:40:02.766859", "pc0_1": 17785, "pc0_3": 8782, "pc0_5": 1164, "pc1_0": 189, "pc2_5": 50, "pc5_0": 6, "pc10_0": 0, "pm0_1": 0.014860849827528, "pm0_3": 0.21299444139003754, "pm0_5": 0.3346555531024933, "pm1_0": 0.49299249053001404, "pm2_5": 1.1506680250167847, "pm5_0": 1.7884474992752075, "pm10_0": 1.7884474992752075}