{"dateTime": "2022-03-25 20:42:17.727711", "Latitude": 32.99233, "Longitude": -96.75809, "Speed": 0.0926, "Altitude": 258.0, "Course": 86.97, "HDOP": 1.03, "Year": 2022, "Month": 3, "Day": 25, "Hour": 20, "Minute": 42, "Second": 15}