{"dateTime": "2022-03-25 20:39:03.458947", "Latitude": 32.992426667, "Longitude": -96.757863333, "Speed": 0.20372, "Altitude": 229.4, "Course": 85.04, "HDOP": 1.14, "Year": 2022, "Month": 3, "Day": 25, "Hour": 20, "Minute": 39, "Second": 0}