{"dateTime": "2022-03-25 20:38:46.364370", "shuntVoltageBattery": 18.479999542236328, "busVoltageBattery": 3.9040000438690186, "currentBattery": 204.8000030517578, "powerBattery": 728.0, "shuntVoltageSolar": 1.2300000190734863, "busVoltageSolar": 6.044000148773193, "currentSolar": 11.899999618530273, "powerSolar": 72.0}