{"dateTime": "2022-03-25 20:39:30.353526", "Temperature": 32.189998626708984, "Pressure": 994.0900268554688, "Humidity": 9.0}