{"dateTime": "2022-03-25 20:37:43.114210", "pc0_1": 24463, "pc0_3": 12587, "pc0_5": 1133, "pc1_0": 104, "pc2_5": 21, "pc5_0": 0, "pc10_0": 0, "pm0_1": 0.020440880209207535, "pm0_3": 0.3044101297855377, "pm0_5": 0.4228329658508301, "pm1_0": 0.5099684596061707, "pm2_5": 0.7852993607521057, "pm5_0": 0.7852993607521057, "pm10_0": 0.7852993607521057}