{"dateTime": "2022-03-25 20:41:30.377434", "Temperature": 29.940000534057617, "Pressure": 993.3200073242188, "Humidity": 13.0}