{"dateTime": "2022-03-25 20:44:38.919562", "Temperature": 29.81999969482422, "Pressure": 992.4000244140625, "Humidity": 14.0}