{"dateTime": "2022-03-25 20:44:08.991013", "shuntVoltageBattery": -12.039999961853027, "busVoltageBattery": 3.9800000190734863, "currentBattery": -110.0999984741211, "powerBattery": 468.0, "shuntVoltageSolar": 31.6299991607666, "busVoltageSolar": 5.599999904632568, "currentSolar": 316.5, "powerSolar": 1766.0}