{"dateTime": "2022-03-25 20:44:50.191767", "pc0_1": 2526, "pc0_3": 1658, "pc0_5": 1016, "pc1_0": 242, "pc2_5": 59, "pc5_0": 8, "pc10_0": 0, "pm0_1": 0.002110759960487485, "pm0_3": 0.03951818868517876, "pm0_5": 0.1456516832113266, "pm1_0": 0.34863343834877014, "pm2_5": 1.1197741031646729, "pm5_0": 1.9971518516540527, "pm10_0": 1.9971518516540527}