{"dateTime": "2022-03-25 20:44:30.405756", "C2H5OH": 0.756384015083313, "C3H8": 0.6984007358551025, "C4H10": 593.2281494140625, "CH4": 411.73968505859375, "CO": 0.0, "H2": 687.6617431640625, "NH3": 0.14358370006084442, "NO2": 4.488170623779297}