{"dateTime": "2022-03-25 20:44:15.945312", "CO2": 137.0, "Temperature": 32.00694274902344, "Humidity": 13.21563720703125}