{"dateTime": "2022-03-25 20:43:37.565109", "Temperature": 29.90999984741211, "Pressure": 993.3200073242188, "Humidity": 10.0}