{"dateTime": "2022-03-25 20:41:59.686005", "Latitude": 32.992431667, "Longitude": -96.757815, "Speed": 0.037040000000000003, "Altitude": 230.1, "Course": 210.11, "HDOP": 1.09, "Year": 2022, "Month": 3, "Day": 25, "Hour": 20, "Minute": 41, "Second": 56}