{"dateTime": "2022-03-25 20:41:42.593487", "shuntVoltageBattery": -18.799999237060547, "busVoltageBattery": 3.864000082015991, "currentBattery": -171.6999969482422, "powerBattery": 730.0, "shuntVoltageSolar": 1.6799999475479126, "busVoltageSolar": 6.052000045776367, "currentSolar": 16.799999237060547, "powerSolar": 102.0}