{"dateTime": "2022-03-25 20:43:25.664606", "pc0_1": 13348, "pc0_3": 6351, "pc0_5": 583, "pc1_0": 120, "pc2_5": 20, "pc5_0": 3, "pc10_0": 0, "pm0_1": 0.01115323044359684, "pm0_3": 0.15444998443126678, "pm0_5": 0.21539489924907684, "pm1_0": 0.3161926865577698, "pm2_5": 0.5786203145980835, "pm5_0": 0.9104035496711731, "pm10_0": 0.9104035496711731}