{"dateTime": "2022-03-25 20:35:02.031600", "shuntVoltageBattery": -6.449999809265137, "busVoltageBattery": 3.611999988555908, "currentBattery": -49.5, "powerBattery": 180.0, "shuntVoltageSolar": 19.170000076293945, "busVoltageSolar": 5.831999778747559, "currentSolar": 191.60000610351562, "powerSolar": 1118.0}