{"dateTime": "2022-03-25 20:36:45.093359", "pc0_1": 32423, "pc0_3": 14425, "pc0_5": 2351, "pc1_0": 519, "pc2_5": 272, "pc5_0": 16, "pc10_0": 0, "pm0_1": 0.027092089876532555, "pm0_3": 0.35252872109413147, "pm0_5": 0.5981377363204956, "pm1_0": 1.0324885845184326, "pm2_5": 4.594407558441162, "pm5_0": 6.345613479614258, "pm10_0": 6.345613479614258}