{"dateTime": "2022-03-25 20:44:05.349276", "cloudPecentage": "100.0", "allRed": 230.73793619791667, "allGreen": 228.96295572916668, "allBlue": 223.73854817708335, "skyRed": -1, "skyGreen": -1, "skyBlue": -1, "cloudRed": 230.73793619791667, "cloudGreen": 228.96295572916668, "cloudBlue": 223.73854817708335}