{"dateTime": "2022-03-25 20:35:06.084967", "cloudPecentage": "99.96709565360972", "allRed": 156.20627730782908, "allGreen": 135.9809900993243, "allBlue": 170.35942481297312, "skyRed": 107.34680337756333, "skyGreen": 89.34921592279855, "skyBlue": 149.76899879372738, "cloudRed": 156.22235949011255, "cloudGreen": 135.9963390302927, "cloudBlue": 170.36620218812473}