{"dateTime": "2022-03-25 20:39:05.177237", "Latitude": 32.992446667, "Longitude": -96.757941667, "Speed": 0.0926, "Altitude": 213.3, "Course": 306.64, "HDOP": 0.81, "Year": 2022, "Month": 3, "Day": 25, "Hour": 20, "Minute": 39, "Second": 2}