{"dateTime": "2022-03-25 20:19:13.553867", "Latitude": 32.992436667, "Longitude": -96.757828333, "Speed": 0.11112, "Altitude": 210.7, "Course": 109.94, "HDOP": 0.79, "Year": 2022, "Month": 3, "Day": 25, "Hour": 20, "Minute": 19, "Second": 10}