{"dateTime": "2022-03-25 20:29:30.313123", "shuntVoltageBattery": -18.84000015258789, "busVoltageBattery": 3.6040000915527344, "currentBattery": -175.1999969482422, "powerBattery": 630.0, "shuntVoltageSolar": 33.470001220703125, "busVoltageSolar": 5.728000164031982, "currentSolar": 335.1000061035156, "powerSolar": 1916.0}