{"dateTime": "2022-03-25 20:32:34.278813", "pc0_1": 25406, "pc0_3": 12214, "pc0_5": 1410, "pc1_0": 164, "pc2_5": 17, "pc5_0": 0, "pc10_0": 0, "pm0_1": 0.021228350698947906, "pm0_3": 0.2967956066131592, "pm0_5": 0.44416025280952454, "pm1_0": 0.581812858581543, "pm2_5": 0.8160962462425232, "pm5_0": 0.8160962462425232, "pm10_0": 0.8160962462425232}