{"dateTime": "2022-03-25 20:44:21.092756", "Temperature": 28.559999465942383, "Pressure": 992.8499755859375, "Humidity": 9.0}