{"dateTime": "2022-03-25 20:44:09.201999", "pc0_1": 33035, "pc0_3": 15898, "pc0_5": 1407, "pc1_0": 207, "pc2_5": 52, "pc5_0": 4, "pc10_0": 0, "pm0_1": 0.02760322019457817, "pm0_3": 0.3862670063972473, "pm0_5": 0.533266544342041, "pm1_0": 0.7065340876579285, "pm2_5": 1.3928108215332031, "pm5_0": 1.8757654428482056, "pm10_0": 1.8757654428482056}