{"dateTime": "2022-03-25 20:38:53.562021", "Latitude": 32.992438333, "Longitude": -96.75782, "Speed": 0.037040000000000003, "Altitude": 240.0, "Course": 3.86, "HDOP": 0.99, "Year": 2022, "Month": 3, "Day": 25, "Hour": 20, "Minute": 38, "Second": 50}