{"dateTime": "2022-03-25 20:40:39.075324", "Temperature": 29.93000030517578, "Pressure": 992.8599853515625, "Humidity": 16.0}