{"dateTime": "2022-03-25 20:41:08.257979", "Latitude": 32.992468333, "Longitude": -96.757801667, "Speed": 0.24076, "Altitude": 223.4, "Course": 250.93, "HDOP": 0.85, "Year": 2022, "Month": 3, "Day": 25, "Hour": 20, "Minute": 41, "Second": 5}