{"dateTime": "2022-03-25 20:40:51.152930", "shuntVoltageBattery": -23.770000457763672, "busVoltageBattery": 3.619999885559082, "currentBattery": -217.89999389648438, "powerBattery": 862.0, "shuntVoltageSolar": 33.790000915527344, "busVoltageSolar": 5.691999912261963, "currentSolar": 337.6000061035156, "powerSolar": 1924.0}