{"dateTime": "2022-03-25 20:39:59.530503", "Latitude": 32.992448333, "Longitude": -96.757818333, "Speed": 0.05556, "Altitude": 207.2, "Course": 54.79, "HDOP": 0.93, "Year": 2022, "Month": 3, "Day": 25, "Hour": 20, "Minute": 39, "Second": 56}