{"dateTime": "2022-03-25 20:39:42.428105", "shuntVoltageBattery": -20.219999313354492, "busVoltageBattery": 3.7920000553131104, "currentBattery": -217.0, "powerBattery": 776.0, "shuntVoltageSolar": 34.59000015258789, "busVoltageSolar": 5.668000221252441, "currentSolar": 345.6000061035156, "powerSolar": 1960.0}