{"dateTime": "2022-03-25 20:39:18.451086", "pc0_1": 6756, "pc0_3": 3917, "pc0_5": 979, "pc1_0": 161, "pc2_5": 99, "pc5_0": 10, "pc10_0": 0, "pm0_1": 0.005645319819450378, "pm0_3": 0.09401761740446091, "pm0_5": 0.1963227540254593, "pm1_0": 0.331112802028656, "pm2_5": 1.6252673864364624, "pm5_0": 2.6759488582611084, "pm10_0": 2.6759488582611084}