{"dateTime": "2022-03-25 20:38:03.327190", "Temperature": 30.309999465942383, "Pressure": 992.989990234375, "Humidity": 12.0}