{"dateTime": "2022-03-25 20:42:05.943873", "cloudPecentage": "99.90299479166667", "allRed": 135.43158528645833, "allGreen": 127.5769921875, "allBlue": 146.40881510416668, "skyRed": 74.58724832214764, "skyGreen": 77.5503355704698, "skyBlue": 119.27181208053692, "cloudRed": 135.49066477246808, "cloudGreen": 127.62556777081934, "cloudBlue": 146.4351649712286}