{"dateTime": "2022-03-25 20:43:33.407535", "Temperature": 29.469999313354492, "Pressure": 993.1599731445312, "Humidity": 12.0}