{"dateTime": "2022-03-25 20:44:02.588735", "Latitude": 32.99215, "Longitude": -96.757976667, "Speed": 0.44448, "Altitude": 212.3, "Course": 214.12, "HDOP": 1.56, "Year": 2022, "Month": 3, "Day": 25, "Hour": 20, "Minute": 43, "Second": 59}