{"dateTime": "2022-03-25 20:43:45.486877", "shuntVoltageBattery": -19.079999923706055, "busVoltageBattery": 3.740000009536743, "currentBattery": -203.89999389648438, "powerBattery": 704.0, "shuntVoltageSolar": 32.119998931884766, "busVoltageSolar": 5.716000080108643, "currentSolar": 320.8999938964844, "powerSolar": 1836.0}