{"dateTime": "2022-03-25 20:43:21.519794", "pc0_1": 32025, "pc0_3": 15765, "pc0_5": 1211, "pc1_0": 130, "pc2_5": 12, "pc5_0": 1, "pc10_0": 0, "pm0_1": 0.026759209111332893, "pm0_3": 0.38243380188941956, "pm0_5": 0.5089818239212036, "pm1_0": 0.6184251308441162, "pm2_5": 0.7798467874526978, "pm5_0": 0.9088851809501648, "pm10_0": 0.9088851809501648}