{"dateTime": "2022-03-25 20:40:48.564935", "Temperature": 33.279998779296875, "Pressure": 992.4199829101562, "Humidity": 9.0}