{"dateTime": "2022-03-25 20:38:53.597081", "shuntVoltageBattery": -20.219999313354492, "busVoltageBattery": 3.868000030517578, "currentBattery": -194.1999969482422, "powerBattery": 750.0, "shuntVoltageSolar": -1.2899999618530273, "busVoltageSolar": 6.0320000648498535, "currentSolar": -13.100000381469727, "powerSolar": 78.0}