{"dateTime": "2022-03-25 20:40:36.650236", "pc0_1": 26037, "pc0_3": 12071, "pc0_5": 967, "pc1_0": 93, "pc2_5": 24, "pc5_0": 0, "pc10_0": 0, "pm0_1": 0.021756090223789215, "pm0_3": 0.2940974831581116, "pm0_5": 0.3951117694377899, "pm1_0": 0.4732767343521118, "pm2_5": 0.7942785024642944, "pm5_0": 0.7942785024642944, "pm10_0": 0.7942785024642944}