{"dateTime": "2022-03-25 20:43:13.054237", "Temperature": 31.950000762939453, "Pressure": 992.6599731445312, "Humidity": 11.0}