{"dateTime": "2022-03-25 20:41:35.173775", "Latitude": 32.992405, "Longitude": -96.757838333, "Speed": 0.11112, "Altitude": 238.1, "Course": 233.75, "HDOP": 1.09, "Year": 2022, "Month": 3, "Day": 25, "Hour": 20, "Minute": 41, "Second": 32}