{"dateTime": "2022-03-25 20:41:18.069442", "shuntVoltageBattery": -21.3700008392334, "busVoltageBattery": 3.7279999256134033, "currentBattery": -228.10000610351562, "powerBattery": 852.0, "shuntVoltageSolar": 32.709999084472656, "busVoltageSolar": 5.78000020980835, "currentSolar": 327.20001220703125, "powerSolar": 1890.0}