{"dateTime": "2022-03-25 20:43:01.135834", "pc0_1": 18940, "pc0_3": 9274, "pc0_5": 751, "pc1_0": 70, "pc2_5": 6, "pc5_0": 0, "pc10_0": 0, "pm0_1": 0.01582621969282627, "pm0_3": 0.22506900131702423, "pm0_5": 0.303551584482193, "pm1_0": 0.36271339654922485, "pm2_5": 0.44894856214523315, "pm5_0": 0.44894856214523315, "pm10_0": 0.44894856214523315}