{"dateTime": "2022-03-25 20:30:06.151638", "cloudPecentage": "81.76305377737133", "allRed": 150.0579436013946, "allGreen": 136.73700774462733, "allBlue": 183.44972144426663, "skyRed": 120.64383436424022, "skyGreen": 113.61628934458697, "skyBlue": 173.03568708021922, "cloudRed": 156.6186516909568, "cloudGreen": 141.89399832423769, "cloudBlue": 185.77253322640559}