{"dateTime": "2022-03-25 20:43:07.375979", "pc0_1": 32665, "pc0_3": 15940, "pc0_5": 1783, "pc1_0": 205, "pc2_5": 55, "pc5_0": 5, "pc10_0": 0, "pm0_1": 0.02729359082877636, "pm0_3": 0.3869118392467499, "pm0_5": 0.5731877088546753, "pm1_0": 0.7445668578147888, "pm2_5": 1.4645124673843384, "pm5_0": 2.017519235610962, "pm10_0": 2.017519235610962}