{"dateTime": "2022-03-25 20:43:51.458942", "Temperature": 29.469999313354492, "Pressure": 992.8200073242188, "Humidity": 14.0}