{"dateTime": "2022-03-25 20:44:20.645212", "Latitude": 32.992418333, "Longitude": -96.75779, "Speed": 0.018520000000000002, "Altitude": 231.1, "Course": 90.17, "HDOP": 0.83, "Year": 2022, "Month": 3, "Day": 25, "Hour": 20, "Minute": 44, "Second": 17}