{"dateTime": "2022-03-25 20:44:03.536695", "shuntVoltageBattery": 18.520000457763672, "busVoltageBattery": 3.9040000438690186, "currentBattery": 197.39999389648438, "powerBattery": 730.0, "shuntVoltageSolar": 1.590000033378601, "busVoltageSolar": 6.1479997634887695, "currentSolar": 15.600000381469727, "powerSolar": 96.0}