{"dateTime": "2022-03-25 20:43:39.575651", "pc0_1": 17532, "pc0_3": 8585, "pc0_5": 2149, "pc1_0": 175, "pc2_5": 25, "pc5_0": 0, "pc10_0": 0, "pm0_1": 0.014649759978055954, "pm0_3": 0.20832902193069458, "pm0_5": 0.4328448474407196, "pm1_0": 0.5792015194892883, "pm2_5": 0.915875256061554, "pm5_0": 1.0043020248413086, "pm10_0": 1.0043020248413086}