{"dateTime": "2022-03-25 20:41:25.174856", "Temperature": 29.469999313354492, "Pressure": 992.5499877929688, "Humidity": 12.0}