{"dateTime": "2022-03-25 20:39:47.307300", "Latitude": 32.992415, "Longitude": -96.75791, "Speed": 0.22224, "Altitude": 232.6, "Course": 68.31, "HDOP": 0.89, "Year": 2022, "Month": 3, "Day": 25, "Hour": 20, "Minute": 39, "Second": 44}