{"dateTime": "2022-03-25 20:41:13.275703", "pc0_1": 24779, "pc0_3": 12419, "pc0_5": 1530, "pc1_0": 126, "pc2_5": 20, "pc5_0": 0, "pc10_0": 0, "pm0_1": 0.020704379305243492, "pm0_3": 0.30088290572166443, "pm0_5": 0.46071022748947144, "pm1_0": 0.5660517811775208, "pm2_5": 0.8399984240531921, "pm5_0": 0.8399984240531921, "pm10_0": 0.8399984240531921}