{"dateTime": "2022-03-25 20:40:38.563872", "Temperature": 32.9900016784668, "Pressure": 993.1900024414062, "Humidity": 7.0}