{"dateTime": "2022-03-25 20:39:00.703547", "Latitude": 32.992426667, "Longitude": -96.757936667, "Speed": 0.33336, "Altitude": 218.3, "Course": 306.33, "HDOP": 0.93, "Year": 2022, "Month": 3, "Day": 25, "Hour": 20, "Minute": 38, "Second": 57}