{"dateTime": "2022-03-25 20:38:43.596430", "shuntVoltageBattery": -16.170000076293945, "busVoltageBattery": 3.6559998989105225, "currentBattery": -157.10000610351562, "powerBattery": 574.0, "shuntVoltageSolar": 32.4900016784668, "busVoltageSolar": 5.599999904632568, "currentSolar": 325.1000061035156, "powerSolar": 1822.0}