{"dateTime": "2022-03-25 20:40:26.662708", "pc0_1": 28130, "pc0_3": 15586, "pc0_5": 1294, "pc1_0": 127, "pc2_5": 19, "pc5_0": 0, "pc10_0": 0, "pm0_1": 0.02350490912795067, "pm0_3": 0.3751378357410431, "pm0_5": 0.5103791356086731, "pm1_0": 0.6172547936439514, "pm2_5": 0.873217761516571, "pm5_0": 0.873217761516571, "pm10_0": 0.873217761516571}