{"dateTime": "2022-03-25 19:50:59.024507", "Temperature": 30.34000015258789, "Pressure": 993.7899780273438, "Humidity": 8.0}