{"dateTime": "2022-03-25 19:51:08.043181", "CO2": 513.0, "Temperature": 30.850692749023438, "Humidity": 13.02947998046875}