{"dateTime": "2022-03-25 20:44:05.365675", "cloudPecentage": "99.90755208333333", "allRed": 121.018154296875, "allGreen": 112.58685872395833, "allBlue": 121.24098958333333, "skyRed": 48.482394366197184, "skyGreen": 37.528169014084504, "skyBlue": 17.947183098591548, "cloudRed": 121.08527414667205, "cloudGreen": 112.656313128022, "cloudBlue": 121.33657091842719}