{"dateTime": "2022-03-25 20:44:17.020568", "Temperature": 30.420000076293945, "Pressure": 993.3499755859375, "Humidity": 13.0}