{"dateTime": "2022-03-25 20:44:46.197997", "Latitude": 32.992405, "Longitude": -96.75778, "Speed": 0.11112, "Altitude": 243.7, "Course": 240.69, "HDOP": 0.95, "Year": 2022, "Month": 3, "Day": 25, "Hour": 20, "Minute": 44, "Second": 43}