{"dateTime": "2022-03-25 20:44:29.110639", "shuntVoltageBattery": 17.510000228881836, "busVoltageBattery": 3.9000000953674316, "currentBattery": 190.3000030517578, "powerBattery": 698.0, "shuntVoltageSolar": 0.8500000238418579, "busVoltageSolar": 6.039999961853027, "currentSolar": 8.5, "powerSolar": 52.0}