{"dateTime": "2022-03-25 20:39:10.674724", "Latitude": 32.992401667, "Longitude": -96.757838333, "Speed": 0.0, "Altitude": 235.4, "Course": 0.0, "HDOP": 0.81, "Year": 2022, "Month": 3, "Day": 25, "Hour": 20, "Minute": 39, "Second": 7}