{"dateTime": "2022-03-25 20:39:35.418582", "shuntVoltageBattery": -18.739999771118164, "busVoltageBattery": 3.7839999198913574, "currentBattery": -197.1999969482422, "powerBattery": 748.0, "shuntVoltageSolar": 30.6200008392334, "busVoltageSolar": 5.863999843597412, "currentSolar": 306.8999938964844, "powerSolar": 1798.0}