{"dateTime": "2022-03-25 20:43:50.422277", "Temperature": 29.510000228881836, "Pressure": 991.6500244140625, "Humidity": 14.0}