{"dateTime": "2022-03-25 20:28:59.661242", "Latitude": 32.992433333, "Longitude": -96.757838333, "Speed": 0.018520000000000002, "Altitude": 216.0, "Course": 139.08, "HDOP": 0.85, "Year": 2022, "Month": 3, "Day": 25, "Hour": 20, "Minute": 28, "Second": 56}