{"dateTime": "2022-03-25 20:44:02.487687", "shuntVoltageBattery": -15.3100004196167, "busVoltageBattery": 3.931999921798706, "currentBattery": -151.8000030517578, "powerBattery": 596.0, "shuntVoltageSolar": 29.239999771118164, "busVoltageSolar": 5.748000144958496, "currentSolar": 298.8999938964844, "powerSolar": 1684.0}