{"dateTime": "2022-03-25 20:43:38.514261", "pc0_1": 51172, "pc0_3": 21820, "pc0_5": 1358, "pc1_0": 298, "pc2_5": 49, "pc5_0": 0, "pc10_0": 0, "pm0_1": 0.04275749996304512, "pm0_3": 0.5350207090377808, "pm0_5": 0.6768713593482971, "pm1_0": 0.9261507391929626, "pm2_5": 1.5787588357925415, "pm5_0": 1.5787588357925415, "pm10_0": 1.5787588357925415}