{"dateTime": "2022-03-25 20:36:25.454815", "Latitude": 32.99247, "Longitude": -96.757793333, "Speed": 0.0, "Altitude": 215.9, "Course": 160.54, "HDOP": 0.87, "Year": 2022, "Month": 3, "Day": 25, "Hour": 20, "Minute": 36, "Second": 22}