{"dateTime": "2022-03-25 20:36:08.348421", "shuntVoltageBattery": 18.1299991607666, "busVoltageBattery": 3.8480000495910645, "currentBattery": 182.0, "powerBattery": 668.0, "shuntVoltageSolar": 1.0499999523162842, "busVoltageSolar": 6.035999774932861, "currentSolar": 10.399999618530273, "powerSolar": 62.0}