{"dateTime": "2022-03-25 20:37:51.419120", "pc0_1": 11254, "pc0_3": 6267, "pc0_5": 1489, "pc1_0": 305, "pc2_5": 63, "pc5_0": 0, "pc10_0": 0, "pm0_1": 0.009403729811310768, "pm0_3": 0.1508067399263382, "pm0_5": 0.30632615089416504, "pm1_0": 0.561477780342102, "pm2_5": 1.3898082971572876, "pm5_0": 1.3898082971572876, "pm10_0": 1.3898082971572876}