{"dateTime": "2022-03-25 20:40:06.021968", "cloudPecentage": "99.92936197916666", "allRed": 155.27190755208332, "allGreen": 146.66940755208333, "allBlue": 159.92315755208332, "skyRed": 73.34562211981567, "skyGreen": 80.33179723502305, "skyBlue": 121.52073732718894, "cloudRed": 155.3298195665558, "cloudGreen": 146.71630025115397, "cloudBlue": 159.95030343699813}