{"dateTime": "2022-03-25 20:42:33.295517", "pc0_1": 44062, "pc0_3": 20951, "pc0_5": 1878, "pc1_0": 177, "pc2_5": 31, "pc5_0": 6, "pc10_0": 0, "pm0_1": 0.03681660071015358, "pm0_3": 0.5094737410545349, "pm0_5": 0.7056636810302734, "pm1_0": 0.8539388179779053, "pm2_5": 1.2625601291656494, "pm5_0": 1.9077521562576294, "pm10_0": 1.9077521562576294}