{"dateTime": "2022-03-25 19:41:44.676899", "shuntVoltageBattery": -20.81999969482422, "busVoltageBattery": 3.815999984741211, "currentBattery": -191.60000610351562, "powerBattery": 730.0, "shuntVoltageSolar": 33.38999938964844, "busVoltageSolar": 5.679999828338623, "currentSolar": 333.79998779296875, "powerSolar": 1898.0}