{"dateTime": "2022-03-25 20:14:27.144081", "pc0_1": 37381, "pc0_3": 27650, "pc0_5": 1247, "pc1_0": 125, "pc2_5": 19, "pc5_0": 0, "pc10_0": 0, "pm0_1": 0.031234560534358025, "pm0_3": 0.6550288200378418, "pm0_5": 0.7853685021400452, "pm1_0": 0.8906214237213135, "pm2_5": 1.146584391593933, "pm5_0": 1.146584391593933, "pm10_0": 1.146584391593933}