{"dateTime": "2022-03-25 20:36:57.011685", "Temperature": 31.030000686645508, "Pressure": 992.469970703125, "Humidity": 13.0}