{"dateTime": "2022-03-25 20:35:19.133638", "Latitude": 32.992431667, "Longitude": -96.757906667, "Speed": 0.72228, "Altitude": 231.6, "Course": 125.85, "HDOP": 0.83, "Year": 2022, "Month": 3, "Day": 25, "Hour": 20, "Minute": 35, "Second": 16}