{"dateTime": "2022-03-25 20:39:27.242864", "shuntVoltageBattery": -22.25, "busVoltageBattery": 3.868000030517578, "currentBattery": -222.10000610351562, "powerBattery": 858.0, "shuntVoltageSolar": 33.119998931884766, "busVoltageSolar": 5.75600004196167, "currentSolar": 331.20001220703125, "powerSolar": 1908.0}