{"dateTime": "2022-03-25 20:38:20.560026", "Temperature": 30.540000915527344, "Pressure": 992.530029296875, "Humidity": 11.0}