{"dateTime": "2022-03-25 20:25:42.085686", "Temperature": 28.520000457763672, "Pressure": 992.8900146484375, "Humidity": 13.0}