{"dateTime": "2022-03-25 20:35:35.233150", "Latitude": 32.99245, "Longitude": -96.75787, "Speed": 0.1852, "Altitude": 223.0, "Course": 41.96, "HDOP": 0.87, "Year": 2022, "Month": 3, "Day": 25, "Hour": 20, "Minute": 35, "Second": 32}