{"dateTime": "2022-03-25 20:34:54.170338", "pc0_1": 33505, "pc0_3": 15016, "pc0_5": 1799, "pc1_0": 315, "pc2_5": 61, "pc5_0": 0, "pc10_0": 0, "pm0_1": 0.027995610609650612, "pm0_3": 0.3667682111263275, "pm0_5": 0.5547553896903992, "pm1_0": 0.8182868957519531, "pm2_5": 1.622169017791748, "pm5_0": 1.622169017791748, "pm10_0": 1.622169017791748}