{"dateTime": "2022-03-25 20:39:30.215970", "shuntVoltageBattery": -14.029999732971191, "busVoltageBattery": 3.9600000381469727, "currentBattery": -140.3000030517578, "powerBattery": 558.0, "shuntVoltageSolar": 26.969999313354492, "busVoltageSolar": 5.688000202178955, "currentSolar": 271.20001220703125, "powerSolar": 1544.0}