{"dateTime": "2022-03-25 20:42:59.110994", "shuntVoltageBattery": -14.430000305175781, "busVoltageBattery": 3.6679999828338623, "currentBattery": -145.1999969482422, "powerBattery": 534.0, "shuntVoltageSolar": 31.649999618530273, "busVoltageSolar": 5.736000061035156, "currentSolar": 316.3999938964844, "powerSolar": 1818.0}