{"dateTime": "2022-03-25 20:40:29.430626", "pc0_1": 37877, "pc0_3": 18026, "pc0_5": 1862, "pc1_0": 280, "pc2_5": 32, "pc5_0": 0, "pc10_0": 0, "pm0_1": 0.03164900094270706, "pm0_3": 0.43831631541252136, "pm0_5": 0.6328355073928833, "pm1_0": 0.867479145526886, "pm2_5": 1.289016842842102, "pm5_0": 1.289016842842102, "pm10_0": 1.289016842842102}