{"dateTime": "2022-03-25 20:42:06.459855", "cloudPecentage": "100.0", "allRed": 151.020048828125, "allGreen": 141.40813802083332, "allBlue": 156.41136067708334, "skyRed": -1, "skyGreen": -1, "skyBlue": -1, "cloudRed": 151.020048828125, "cloudGreen": 141.40813802083332, "cloudBlue": 156.41136067708334}