{"dateTime": "2022-03-25 20:42:33.553864", "pc0_1": 26655, "pc0_3": 13717, "pc0_5": 1504, "pc1_0": 111, "pc2_5": 41, "pc5_0": 0, "pc10_0": 0, "pm0_1": 0.022271910682320595, "pm0_3": 0.3317410945892334, "pm0_5": 0.4889165163040161, "pm1_0": 0.5823371410369873, "pm2_5": 1.1200957298278809, "pm5_0": 1.1200957298278809, "pm10_0": 1.1200957298278809}