{"dateTime": "2022-03-25 20:39:14.788566", "Temperature": 32.720001220703125, "Pressure": 992.9199829101562, "Humidity": 10.0}