{"dateTime": "2022-03-25 20:37:19.823820", "shuntVoltageBattery": -20.0, "busVoltageBattery": 3.74399995803833, "currentBattery": -213.5, "powerBattery": 760.0, "shuntVoltageSolar": 33.220001220703125, "busVoltageSolar": 5.691999912261963, "currentSolar": 332.29998779296875, "powerSolar": 1890.0}