{"dateTime": "2022-03-25 19:54:44.297916", "pc0_1": 18635, "pc0_3": 8628, "pc0_5": 1177, "pc1_0": 109, "pc2_5": 27, "pc5_0": 0, "pc10_0": 0, "pm0_1": 0.015570799820125103, "pm0_3": 0.2102387547492981, "pm0_5": 0.3331685960292816, "pm1_0": 0.4250250458717346, "pm2_5": 0.7792252898216248, "pm5_0": 0.7792252898216248, "pm10_0": 0.7792252898216248}